[
    {
  "title": "The Trial",
  "author": "Kafka, Franz",
  "rating": "4",
  "cover": "/images/books/thetrial.jpg",
  "recommended": true
},
{
  "title": "Crime and Punishment",
  "author": "Dostoevsky, Fyodor",
  "rating": "5",
  "cover": "/images/books/crimeandpunishment.jpg",
  "recommended": true
},
{
  "title": "Romeo and Juliet",
  "author": "Shakespeare, William",
  "rating": "5",
  "cover": "/images/books/romeoandjuliet.jpg",
  "recommended": true
},
{
  "title": "Metamorphosis",
  "author": "Kafka, Franz",
  "rating": "4",
  "cover": "/images/books/metamorphosis.jpg",
  "recommended": true
},
{
  "title": "As Good As Dead",
  "author": "Jackson, Holly",
  "rating": "5",
  "cover": "/images/books/asgoodasdead.jpg",
  "recommended": true
},
{
  "title": "The Mindf*ck Series",
  "author": "Abby, S.T.",
  "rating": "5",
  "cover": "/images/books/mindfuckseries.jpg",
  "recommended": true
},
{
  "title": "The Catcher in the Rye",
  "author": "Salinger, J.D.",
  "rating": "4",
  "cover": "/images/books/catcherintherye.jpg",
  "recommended": true
},

  {
    "title": "The Death of Ivan Ilyich",
    "author": "Tolstoy, Leo",
    "rating": "4",
    "cover": "/images/books/thedeathofivan.jpg",
    "recommended": true
  },
  {
    "title": "The Silent Patient",
    "author": "Michaelides, Alex",
    "rating": "4",
    "cover": "/images/books/thesilentpatient.jpg",
    "recommended": true
  },
  {
    "title": "Beautiful World, Where Are You",
    "author": "Rooney, Sally",
    "rating": "5",
    "cover": "/images/books/beautifulworld.jpg",
    "recommended": true
  },
  {
    "title": "Men Without Women",
    "author": "Murakami, Haruki",
    "rating": "4",
    "cover": "/images/books/menwithoutwomen.jpg",
    "recommended": true
  },
  {
    "title": "Heartstopper: Volume Four (Heartstopper, #4)",
    "author": "Oseman, Alice",
    "rating": "5",
    "cover": "/images/books/heartstopperv4.jpg",
    "recommended": true
  },
  {
    "title": "White Nights",
    "author": "Dostoevsky, Fyodor",
    "rating": "4",
    "cover": "/images/books/whitenights.jpg",
    "recommended": true
  },
  {
    "title": "Days at the Morisaki Bookshop",
    "author": "Yagisawa, Satoshi",
    "rating": "5",
    "cover": "/images/books/daysatthemorisaki.jpg",
    "recommended": true
  },
  {
    "title": "A Man Called Ove",
    "author": "Backman, Fredrik",
    "rating": "4",
    "cover": "/images/books/amancalledove.jpg",
    "recommended": true
  },
  {
    "title": "A Good Girl's Guide to Murder",
    "author": "Jackson, Holly",
    "rating": "4",
    "cover": "/images/books/goodgirlsguidetomurder.jpg",
    "recommended": true
  },
  {
    "title": "Good Girl, Bad Blood",
    "author": "Jackson, Holly",
    "rating": "4",
    "cover": "/images/books/goodgirlbadblood.jpg",
    "recommended": true
  },
  {
    "title": "Acts of God",
    "author": "Gill, Kanan",
    "rating": "5",
    "cover": "/images/books/actsofgod.jpg",
    "recommended": true
  }
]
