[
  {
    "title": "Gaming 🎮",
    "desc": "Games I enjoy playing.",
    "link": "/hobbies/gaming"
  },
  {
    "title": "Music 🎶",
    "desc": "What I'm listening to right now.",
    "link": "/hobbies/music"
  },
  {
    "title": "Reading 📚",
    "desc": "Books I’ve read and reviewed.",
    "link": "/hobbies/reading"
  },
  {
    "title": "Photography 📸",
    "desc": "Capturing the world through my lens — roads, landscapes, and life moments.",
    "link": "/hobbies/photography"
  }
]
