[
  {
    "title": "Customer Service Workspace (Ford of Mexico)",
    "description": "Delivered localized Dynamics 365 Customer Service Workspace in Spanish with dashboards & custom views.",
    "tech": ["Dynamics 365", "Power Platform", "Easy Translator"],
    "link": "https://github.com/abbasrsyedk"
  },
  {
    "title": "ETL Pipeline Automation",
    "description": "Automated incremental data export pipelines with Azure Synapse, Data Factory & SQL, cutting processing time by 50%.",
    "tech": ["Azure Data Factory", "Azure Synapse", "SQL"],
    "link": "https://github.com/abbasrsyedk"
  },
  {
    "title": "Portfolio Website",
    "description": "This very site — interactive biker-themed portfolio built with Next.js, Tailwind & Framer Motion.",
    "tech": ["Next.js", "TailwindCSS", "Framer Motion"],
    "link": "#"
  }
]
